n_N,n_P,c_FN,c_FP,scen,th_opt
100,100,1,5,5,94
100,200,1,1,3,41
220,1100,3,3,11,36
1100,220,3,3,10,64
200,100,1,1,2,59
100,200,1,2,9,54
300,300,6,1,12,27
100,200,5,1,8,18
100,100,1,1,1,50
300,300,1,6,13,73
100,100,9,1,4,6
200,100,2,1,6,46
200,100,1,5,7,82
